country,title,marketBest,marketBestProvider,oursBest,oursBestProvider,ratio,action
"canada","Канада","0.379","Stellar","0.379","Stellar","1","ок"
"turkey","Турция","0.197","Stellar","0.197","Stellar","1","ок"
"thailand","Таиланд","0.323","Stellar","0.323","Stellar","1","ок"
"georgia","Грузия","0.379","eSIM.dog","0.587","Stellar","1.55","написать eSIM.dog"
"vietnam","Вьетнам","0.288","eSIM.dog","0.386","Stellar","1.34","написать eSIM.dog"
"japan","Япония","0.332","Stellar","0.332","Stellar","1","ок"
"uae","ОАЭ","0.808","Stellar","0.808","Stellar","1","ок"
"italy","Италия","0.216","Stellar","0.216","Stellar","1","ок"
"spain","Испания","0.245","Stellar","0.245","Stellar","1","ок"
"usa","США","0.364","Stellar","0.364","Stellar","1","ок"
"france","Франция","0.217","Stellar","0.217","Stellar","1","ок"
"germany","Германия","0.213","Stellar","0.213","Stellar","1","ок"
"uk","Британия","0.216","Stellar","0.216","Stellar","1","ок"
"indonesia","Индонезия","0.285","Stellar","0.285","Stellar","1","ок"
"malaysia","Малайзия","0.259","Stellar","0.259","Stellar","1","ок"
"singapore","Сингапур","0.277","Stellar","0.277","Stellar","1","ок"
"mexico","Мексика","0.638","Stellar","0.638","Stellar","1","ок"
"egypt","Египет","0.559","eSIM.dog","0.62","Stellar","1.11","написать eSIM.dog"
"greece","Греция","0.28","Stellar","0.28","Stellar","1","ок"
"china","Китай","0.279","Stellar","0.279","Stellar","1","ок"